{"name":"10648de4-3d65-40e0-b79d-ca88fbdbf17a","id":"/providers/Microsoft.Flow/flows/10648de4-3d65-40e0-b79d-ca88fbdbf17a","type":"Microsoft.Flow/flows","properties":{"apiId":"/providers/Microsoft.PowerApps/apis/shared_logicflows","displayName":"BACKUP June 4 2025 - Application Request Form","definition":{"metadata":{"workflowEntityId":null,"processAdvisorMetadata":null,"flowChargedByPaygo":null,"flowclientsuspensionreason":"None","flowclientsuspensiontime":null,"flowclientsuspensionreasondetails":null,"creator":{"id":"d5adcb20-ffb8-40c0-8164-c7f92b89933f","type":"User","tenantId":"33a95aa3-6149-4cf5-946f-2aa4d7090259"},"provisioningMethod":"FromDefinition","failureAlertSubscription":true,"clientLastModifiedTime":"2025-06-04T19:33:39.3324701Z","connectionKeySavedTimeKey":"2025-06-04T19:33:39.3324701Z","creationSource":null,"clientCreatedTime":"2025-06-09T07:42:17.5693802Z","migrationSourceId":"/subscriptions/c8188aed-8553-4320-a60d-30212a431bbc/resourceGroups/33a95aa361494cf5946f2aa4d7090259-default33a95aa361494cf5946f2aa4d7090259-env/providers/Microsoft.Logic/workflows/10648de4-3d65-40e0-b79d-ca88fbdbf17a-azshadow"},"$schema":"https://schema.management.azure.com/providers/Microsoft.Logic/schemas/2016-06-01/workflowdefinition.json#","contentVersion":"1.0.0.0","parameters":{"$authentication":{"defaultValue":{},"type":"SecureObject"},"$connections":{"defaultValue":{},"type":"Object"}},"triggers":{"When_a_new_response_is_submitted":{"splitOn":"@triggerOutputs()?['body/value']","metadata":{"operationMetadataId":"7f78b211-824f-46ef-8d72-f980407f7cde"},"type":"OpenApiConnectionWebhook","inputs":{"parameters":{"form_id":"o1qpM0lh9UyUbyqk1wkCWSDLrdW4_8BAgWTH-SuJkz9UM0lRNU5EV1I5SlI2V0NNV1pGN0FVNDBCSy4u"},"host":{"apiId":"/providers/Microsoft.PowerApps/apis/shared_microsoftforms","connectionName":"shared_microsoftforms","operationId":"CreateFormWebhook"},"authentication":"@parameters('$authentication')"},"runtimeConfiguration":{"secureData":{"properties":["inputs","outputs"]}}}},"actions":{"Get_response_details":{"runAfter":{},"metadata":{"operationMetadataId":"ee5322b5-f50d-4906-b494-e3babd6e659a"},"type":"OpenApiConnection","inputs":{"parameters":{"form_id":"o1qpM0lh9UyUbyqk1wkCWSDLrdW4_8BAgWTH-SuJkz9UM0lRNU5EV1I5SlI2V0NNV1pGN0FVNDBCSy4u","response_id":"@triggerOutputs()?['body/resourceData/responseId']"},"host":{"apiId":"/providers/Microsoft.PowerApps/apis/shared_microsoftforms","connectionName":"shared_microsoftforms","operationId":"GetFormResponseById"},"authentication":"@parameters('$authentication')"},"runtimeConfiguration":{"secureData":{"properties":["inputs","outputs"]}}},"Terminate":{"runAfter":{"Executive_Condition":["Succeeded","Failed"]},"metadata":{"operationMetadataId":"ff9e9e51-89ec-4a52-a349-392408281e6c"},"type":"Terminate","inputs":{"runStatus":"Succeeded"}},"Executive_Condition":{"actions":{"Send_an_email_(V2)":{"limit":{"timeout":"P2D"},"metadata":{"operationMetadataId":"09a9c3c8-0722-450f-a9f0-d5d51d95889e"},"type":"OpenApiConnection","inputs":{"parameters":{"emailMessage/To":"amasri@innouttest.com","emailMessage/Subject":"Executive App Request: ","emailMessage/Body":"<p class=\"editor-paragraph\"><br><br><br>&lt;img src=\"https://preview.redd.it/head-canon-time-these-two-latitudes-are-the-same-guy-im-v0-lqk0n6jlbl891.png?width=301&amp;amp;format=png&amp;amp;auto=webp&amp;amp;s=4d49889fc7376348364803aa3a634d3f53546b23\" width=\"100\" height=\"90\"&gt;<br>&lt;img src=\"https://1000logos.net/wp-content/uploads/2023/03/In-N-Out-Burger-Emblem.png\" width=\"100\" height=\"80\" class=\"center\"&gt;<br>&lt;p class=\"editor-paragraph\"&gt;&lt;span style=\"font-size: 19px;\"&gt;Your software request has been&lt;/span&gt;&lt;span style=\"color: rgb(65, 117, 5); font-size: 19px;\"&gt; &lt;/span&gt;&lt;span style=\"color: rgb(101, 177, 15); font-size: 19px;\"&gt;approved&lt;/span&gt;&lt;span style=\"font-size: 19px;\"&gt; and is being processed!&lt;/span&gt;&lt;/p&gt;&lt;p class=\"editor-paragraph\"&gt;<br>&lt;span style=\"background-color: rgb(208, 2, 27); color: rgb(245, 166, 35);\"&gt;________________________________________________________________________________________&lt;/span&gt;&lt;/p&gt;&lt;p class=\"editor-paragraph\"&gt;&lt;span style=\"background-color: rgb(243, 187, 93); color: rgb(245, 166, 35);\"&gt;________________________________________________________________________________________&lt;/span&gt;&lt;/p&gt;<br>&lt;p class=\"editor-paragraph\"&gt;&lt;span style=\"color: rgb(74, 74, 74); font-size: 18px;\"&gt;Software name&lt;/span&gt;&lt;span style=\"color: rgb(74, 144, 226); font-size: 18px;\"&gt;:&lt;/span&gt;&lt;span style=\"color: rgb(74, 144, 226); font-size: 18px;\"&gt; &lt;/span&gt;@{outputs('Get_response_details')?['body/r1e13cc2e9275432f95b1dfd3c3cb3096']}&lt;/p&gt;&lt;p class=\"editor-paragraph\"&gt;&lt;span style=\"color: rgb(74, 74, 74); font-size: 16px;\"&gt;Business Justification&lt;/span&gt;&lt;span style=\"color: rgb(74, 74, 74); font-size: 16px;\"&gt;:&lt;/span&gt;&lt;b&gt;&lt;strong class=\"editor-text-bold\" style=\"font-size: 16px;\"&gt; &lt;/strong&gt;&lt;/b&gt;@{outputs('Get_response_details')?['body/r84a95ad2f45d4e918c4131b8bd7fcaea']}&lt;/p&gt;<br>&lt;p class=\"editor-paragraph\"&gt;&lt;span style=\"color: rgb(155, 155, 155);\"&gt;Requested Date: &lt;/span&gt;@{outputs('Get_response_details')?['body/submitDate']}&lt;/p&gt;&lt;p class=\"editor-paragraph\"&gt;&lt;span style=\"color: rgb(155, 155, 155);\"&gt;&lt;/p&gt;&lt;p class=\"editor-paragraph\"&gt;<br>&lt;span style=\"background-color: rgb(243, 187, 93); color: rgb(245, 166, 35);\"&gt;________________________________________________________________________________________&lt;/span&gt;&lt;/p&gt;&lt;p class=\"editor-paragraph\"&gt;&lt;span style=\"background-color: rgb(208, 2, 27); color: rgb(245, 166, 35);\"&gt;________________________________________________________________________________________&lt;/span&gt;&lt;/p&gt;</p><br>","emailMessage/Importance":"High"},"host":{"apiId":"/providers/Microsoft.PowerApps/apis/shared_office365","connectionName":"shared_office365","operationId":"SendEmailV2"},"authentication":"@parameters('$authentication')"},"runtimeConfiguration":{"secureData":{"properties":["inputs","outputs"]}}},"Terminate_8":{"runAfter":{"Send_an_email_(V2)":["Succeeded"]},"metadata":{"operationMetadataId":"0e5260c7-866f-4c88-8218-c63addd1a4d3"},"type":"Terminate","inputs":{"runStatus":"Succeeded"}}},"runAfter":{"Create_item":["Succeeded"]},"else":{"actions":{"Scope":{"actions":{"Switch_1":{"runAfter":{"For_each":["Succeeded","TimedOut"]},"cases":{"Approve_1":{"case":"Approve","actions":{"Send_an_email_(Ticket_creation_and_approval)":{"metadata":{"operationMetadataId":"220c645e-1610-497a-be59-c98412642113"},"type":"OpenApiConnection","inputs":{"parameters":{"emailMessage/To":"amasri@innouttest.com","emailMessage/Subject":"Approved - New Software Request: @{outputs('Get_response_details')?['body/r1e13cc2e9275432f95b1dfd3c3cb3096']}","emailMessage/Body":"    \n\n<center>\n<img src=\"https://1000logos.net/wp-content/uploads/2023/03/In-N-Out-Burger-Emblem.png\" width=\"300\" height=\"180\" class=\"center\"><p class=\"editor-paragraph\"><span style=\"font-size: 19px;\">Your software request has been</span><span style=\"color: rgb(65, 117, 5); font-size: 19px;\"> </span><span style=\"color: rgb(101, 177, 15); font-size: 19px;\">approved</span><span style=\"font-size: 19px;\"> and is being processed!</span></p><p class=\"editor-paragraph\">\n</p><span style=\"background-color: rgb(247, 5, 34); color: rgb(250, 203, 32);font-size: 18px;\">________________________________________________________________________________________</span><p></p>\n<p class=\"editor-paragraph\">\n<span style=\"color: black; font-size: 18px;\">Software name:</span>\n<span style=\"color: rgp(73, 89, 153); font-size: 18px;\"> @{outputs('Get_response_details')?['body/r1e13cc2e9275432f95b1dfd3c3cb3096']}</span></p>\n<p class=\"editor-paragraph\">\n<span style=\"color: rgb(74, 74, 74); font-size: 18px;\">\n</span>Business Justification<span style=\"color: rgb(74, 74, 74); font-size: 18px;\">:</span><b><strong class=\"editor-text-bold\" style=\"font-size: 18px;\"> </strong></b>@{outputs('Get_response_details')?['body/r84a95ad2f45d4e918c4131b8bd7fcaea']}</p>\n\n\n</center>\n\n\n\n<p class=\"editor-paragraph\">\n<span style=\"color: rgb(155, 155, 155);font-size:8px\">Requested Date: @{outputs('Get_response_details')?['body/submitDate']}</span></p>\n<p style=\"color:rgb(155, 155, 155);font-size:8px;\" class=\"editor-paragraph\">\n<span style=\"color: rgb(155, 155, 155);\">Approval ID:</span>\n<span style=\"color: rgb(155, 155, 155);\"> </span>@{outputs('Start_and_wait_for_an_approval_1')?['body/name']}</p><p class=\"editor-paragraph\"></p>\n\n","emailMessage/Importance":"Normal"},"host":{"apiId":"/providers/Microsoft.PowerApps/apis/shared_office365","connectionName":"shared_office365","operationId":"SendEmailV2"},"authentication":"@parameters('$authentication')"},"runtimeConfiguration":{"secureData":{"properties":["inputs","outputs"]}}},"Terminate_1":{"runAfter":{"Send_an_email_(Ticket_creation_and_approval)":["Succeeded"]},"metadata":{"operationMetadataId":"bcdd4c10-f5ee-4a3a-998b-0bb3a161cbe9"},"type":"Terminate","inputs":{"runStatus":"Succeeded"}}}},"Reject_1":{"case":"Reject","actions":{"Send_an_email_(Rejection)":{"limit":{"timeout":"P2D"},"metadata":{"operationMetadataId":"45c99051-54d2-4cdf-abfc-7f9c6bc7150e"},"type":"OpenApiConnection","inputs":{"parameters":{"emailMessage/To":"amasri@innouttest.com","emailMessage/Subject":"Additional information required for new Software Request: @{outputs('Get_response_details')?['body/r1e13cc2e9275432f95b1dfd3c3cb3096']}","emailMessage/Body":"\n<center>\n       <img src=\"https://1000logos.net/wp-content/uploads/2023/03/In-N-Out-Burger-Emblem.png\" width=\"300\" height=\"180\">\n\n\n\n\n\n<span style=\"background-color: rgb(247, 5, 34); color: rgb(250, 203, 32);\">________________________________________________________________________________________</span>\n\n<p></p><p class=\"editor-paragraph\">While we appreciate your request, it requires some additional information.\nPlease let us know if you need assistance in gathering the required information.</p>\n\n\n\n</center><br>\n<p class=\"editor-paragraph\">Software Name: @{outputs('Get_response_details')?['body/r1e13cc2e9275432f95b1dfd3c3cb3096']}</p>\n\n\n\n<p class=\"editor-paragraph\"><br>\n<span style=\"color: rgb(155, 155, 155);\">\nRejection Date: @{outputs('Start_and_wait_for_an_approval_1')?['body/completionDate']}</span>\n\n\n\n<span style=\"color: rgb(155, 155, 155);\"><br>\nRejection ID: @{outputs('Start_and_wait_for_an_approval_1')?['body/name']}\n</span></p>\n\n     \n\n","emailMessage/Importance":"Normal"},"host":{"apiId":"/providers/Microsoft.PowerApps/apis/shared_office365","connectionName":"shared_office365","operationId":"SendEmailV2"},"authentication":"@parameters('$authentication')"},"runtimeConfiguration":{"secureData":{"properties":["inputs","outputs"]}}},"Terminate_2":{"runAfter":{"Send_an_email_(Rejection)":["Succeeded"]},"metadata":{"operationMetadataId":"9cd48112-0165-4b2c-bf70-94fad3a6efd4"},"type":"Terminate","inputs":{"runStatus":"Succeeded"}}}}},"default":{"actions":{"Start_and_wait_for_an_approval_2":{"limit":{"timeout":"P10D"},"metadata":{"operationMetadataId":"2cb40bed-bce5-4d92-a0a4-e3ad0bfe4cb5"},"type":"OpenApiConnectionWebhook","inputs":{"parameters":{"approvalType":"BasicAwaitAll","WebhookApprovalCreationInput/title":"Friendly Reminder: New Software Request: @{outputs('Get_response_details')?['body/r1e13cc2e9275432f95b1dfd3c3cb3096']}","WebhookApprovalCreationInput/assignedTo":"AMasri@innouttest.com","WebhookApprovalCreationInput/details":"________________________________________________________________________________________\n\nBusiness Justification: @{outputs('Get_response_details')?['body/r84a95ad2f45d4e918c4131b8bd7fcaea']}\n________________________________________________________________________________________\nSubmission Time: @{outputs('Get_response_details')?['body/submitDate']}","WebhookApprovalCreationInput/itemLink":"@outputs('Create_item')?['body/AppLink']","WebhookApprovalCreationInput/itemLinkDescription":"@outputs('Get_response_details')?['body/r1e13cc2e9275432f95b1dfd3c3cb3096']"},"host":{"apiId":"/providers/Microsoft.PowerApps/apis/shared_approvals","connectionName":"shared_approvals","operationId":"StartAndWaitForAnApproval"},"authentication":"@parameters('$authentication')"},"runtimeConfiguration":{"secureData":{"properties":["inputs","outputs"]}}},"Switch_2":{"runAfter":{"Start_and_wait_for_an_approval_2":["Succeeded","TimedOut"]},"cases":{"Approve_2":{"case":"Approve","actions":{"Terminate_3":{"runAfter":{"Send_an_email_(Ticket_creation_and_approval)_1":["Succeeded"]},"metadata":{"operationMetadataId":"b8f10ae0-4c5e-43a9-8e95-b8d0276cdbf6"},"type":"Terminate","inputs":{"runStatus":"Succeeded"}},"Send_an_email_(Ticket_creation_and_approval)_1":{"metadata":{"operationMetadataId":"801ae69a-ee21-4664-90dd-7f8b51e50ca9"},"type":"OpenApiConnection","inputs":{"parameters":{"emailMessage/To":"AMasri@innouttest.com","emailMessage/Subject":"Approved - New Software Request: @{outputs('Get_response_details')?['body/r1e13cc2e9275432f95b1dfd3c3cb3096']}","emailMessage/Body":"<p class=\"editor-paragraph\"><br><br>&lt;center&gt;<br>&lt;img src=\"https://1000logos.net/wp-content/uploads/2023/03/In-N-Out-Burger-Emblem.png\" width=\"300\" height=\"180\" class=\"center\"&gt;&lt;p class=\"editor-paragraph\"&gt;&lt;span style=\"font-size: 19px;\"&gt;Your software request has been&lt;/span&gt;&lt;span style=\"color: rgb(65, 117, 5); font-size: 19px;\"&gt; &lt;/span&gt;&lt;span style=\"color: rgb(101, 177, 15); font-size: 19px;\"&gt;approved&lt;/span&gt;&lt;span style=\"font-size: 19px;\"&gt; and is being processed!&lt;/span&gt;&lt;/p&gt;&lt;p class=\"editor-paragraph\"&gt;<br>&lt;/p&gt;&lt;span style=\"background-color: rgb(247, 5, 34); color: rgb(250, 203, 32);font-size: 18px;\"&gt;________________________________________________________________________________________&lt;/span&gt;&lt;p&gt;&lt;/p&gt;<br>&lt;p class=\"editor-paragraph\"&gt;<br>&lt;span style=\"color: black; font-size: 18px;\"&gt;Software name:&lt;/span&gt;<br>&lt;span style=\"color: rgp(73, 89, 153); font-size: 18px;\"&gt; @{outputs('Get_response_details')?['body/r1e13cc2e9275432f95b1dfd3c3cb3096']}&lt;/span&gt;&lt;/p&gt;<br>&lt;p class=\"editor-paragraph\"&gt;<br>&lt;span style=\"color: rgb(74, 74, 74); font-size: 18px;\"&gt;<br>&lt;/span&gt;Business Justification&lt;span style=\"color: rgb(74, 74, 74); font-size: 18px;\"&gt;:&lt;/span&gt;&lt;b&gt;&lt;strong class=\"editor-text-bold\" style=\"font-size: 18px;\"&gt; &lt;/strong&gt;&lt;/b&gt;@{outputs('Get_response_details')?['body/r84a95ad2f45d4e918c4131b8bd7fcaea']}&lt;/p&gt;<br><br><br>&lt;/center&gt;<br><br><br><br>&lt;p class=\"editor-paragraph\"&gt;<br>&lt;span style=\"color: rgb(155, 155, 155);font-size:8px\"&gt;Requested Date: @{outputs('Get_response_details')?['body/submitDate']}&lt;/span&gt;&lt;/p&gt;<br>&lt;p style=\"color:rgb(155, 155, 155);font-size:8px;\" class=\"editor-paragraph\"&gt;<br>&lt;span style=\"color: rgb(155, 155, 155);\"&gt;Approval ID:&lt;/span&gt;<br>&lt;span style=\"color: rgb(155, 155, 155);\"&gt; &lt;/span&gt;@{outputs('Start_and_wait_for_an_approval_1')?['body/name']}&lt;/p&gt;&lt;p class=\"editor-paragraph\"&gt;&lt;/p&gt;</p><br>","emailMessage/Importance":"Normal"},"host":{"apiId":"/providers/Microsoft.PowerApps/apis/shared_office365","connectionName":"shared_office365","operationId":"SendEmailV2"},"authentication":"@parameters('$authentication')"},"runtimeConfiguration":{"secureData":{"properties":["inputs","outputs"]}}}}},"Reject_2":{"case":"Reject","actions":{"Terminate_4":{"runAfter":{"Send_an_email_(Rejection)_1":["Succeeded"]},"metadata":{"operationMetadataId":"73d32612-6089-4df7-bb40-61afbed800ec"},"type":"Terminate","inputs":{"runStatus":"Succeeded"}},"Send_an_email_(Rejection)_1":{"metadata":{"operationMetadataId":"a7299a5c-c635-4106-8fbb-2576bc3424b0"},"type":"OpenApiConnection","inputs":{"parameters":{"emailMessage/To":"AMasri@innouttest.com","emailMessage/Subject":"Additional information required for new Software Request: @{outputs('Get_response_details')?['body/r1e13cc2e9275432f95b1dfd3c3cb3096']}","emailMessage/Body":"<p class=\"editor-paragraph\"><br>&lt;center&gt;<br>       &lt;img src=\"https://1000logos.net/wp-content/uploads/2023/03/In-N-Out-Burger-Emblem.png\" width=\"300\" height=\"180\"&gt;<br><br><br>&lt;span style=\"background-color: rgb(247, 5, 34); color: rgb(250, 203, 32);\"&gt;________________________________________________________________________________________&lt;/span&gt;<br><br>&lt;p&gt;&lt;/p&gt;&lt;p class=\"editor-paragraph\"&gt;While we appreciate your request, it requires some additional information.<br>Please let us know if you need assistance in gathering the required information.&lt;/p&gt;<br><br>&lt;/center&gt;<br><br>&lt;p class=\"editor-paragraph\"&gt;<br>&lt;span style=\"color: rgb(155, 155, 155);\"&gt;<br>Rejection Date: @{outputs('Start_and_wait_for_an_approval_1')?['body/completionDate']}&lt;/span&gt;<br><br>&lt;span style=\"color: rgb(155, 155, 155);\"&gt;Software Name: @{outputs('Get_response_details')?['body/r1e13cc2e9275432f95b1dfd3c3cb3096']}<br>Rejection ID: @{outputs('Start_and_wait_for_an_approval_1')?['body/name']}<br>&lt;/span&gt;&lt;/p&gt;</p>","emailMessage/Importance":"Normal"},"host":{"apiId":"/providers/Microsoft.PowerApps/apis/shared_office365","connectionName":"shared_office365","operationId":"SendEmailV2"},"authentication":"@parameters('$authentication')"},"runtimeConfiguration":{"secureData":{"properties":["inputs","outputs"]}}}}}},"default":{"actions":{"Switch_3":{"runAfter":{"Start_and_wait_for_an_approval_3":["Succeeded","TimedOut"]},"cases":{"Approve_3":{"case":"Approve","actions":{"Terminate_5":{"runAfter":{"Send_an_email_(Ticket_creation_and_approval)_2":["Succeeded"]},"metadata":{"operationMetadataId":"70cf2ac3-0792-4af7-aaf3-7cf175235cf5"},"type":"Terminate","inputs":{"runStatus":"Succeeded"}},"Send_an_email_(Ticket_creation_and_approval)_2":{"metadata":{"operationMetadataId":"dff8d2a4-ffd5-4b40-b017-dd952eb4bdb6"},"type":"OpenApiConnection","inputs":{"parameters":{"emailMessage/To":"AMasri@innouttest.com","emailMessage/Subject":"Approved - New Software Request: @{outputs('Get_response_details')?['body/r1e13cc2e9275432f95b1dfd3c3cb3096']}","emailMessage/Body":"<p class=\"editor-paragraph\"><br><br>&lt;center&gt;<br>&lt;img src=\"https://1000logos.net/wp-content/uploads/2023/03/In-N-Out-Burger-Emblem.png\" width=\"300\" height=\"180\" class=\"center\"&gt;&lt;p class=\"editor-paragraph\"&gt;&lt;span style=\"font-size: 19px;\"&gt;Your software request has been&lt;/span&gt;&lt;span style=\"color: rgb(65, 117, 5); font-size: 19px;\"&gt; &lt;/span&gt;&lt;span style=\"color: rgb(101, 177, 15); font-size: 19px;\"&gt;approved&lt;/span&gt;&lt;span style=\"font-size: 19px;\"&gt; and is being processed!&lt;/span&gt;&lt;/p&gt;&lt;p class=\"editor-paragraph\"&gt;<br>&lt;/p&gt;&lt;span style=\"background-color: rgb(247, 5, 34); color: rgb(250, 203, 32);font-size: 18px;\"&gt;________________________________________________________________________________________&lt;/span&gt;&lt;p&gt;&lt;/p&gt;<br>&lt;p class=\"editor-paragraph\"&gt;<br>&lt;span style=\"color: black; font-size: 18px;\"&gt;Software name:&lt;/span&gt;<br>&lt;span style=\"color: rgp(73, 89, 153); font-size: 18px;\"&gt; @{outputs('Get_response_details')?['body/r1e13cc2e9275432f95b1dfd3c3cb3096']}&lt;/span&gt;&lt;/p&gt;<br>&lt;p class=\"editor-paragraph\"&gt;<br>&lt;span style=\"color: rgb(74, 74, 74); font-size: 18px;\"&gt;<br>&lt;/span&gt;Business Justification&lt;span style=\"color: rgb(74, 74, 74); font-size: 18px;\"&gt;:&lt;/span&gt;&lt;b&gt;&lt;strong class=\"editor-text-bold\" style=\"font-size: 18px;\"&gt; &lt;/strong&gt;&lt;/b&gt;@{outputs('Get_response_details')?['body/r84a95ad2f45d4e918c4131b8bd7fcaea']}&lt;/p&gt;<br><br><br>&lt;/center&gt;<br><br><br><br>&lt;p class=\"editor-paragraph\"&gt;<br>&lt;span style=\"color: rgb(155, 155, 155);font-size:8px\"&gt;Requested Date: @{outputs('Get_response_details')?['body/submitDate']}&lt;/span&gt;&lt;/p&gt;<br>&lt;p style=\"color:rgb(155, 155, 155);font-size:8px;\" class=\"editor-paragraph\"&gt;<br>&lt;span style=\"color: rgb(155, 155, 155);\"&gt;Approval ID:&lt;/span&gt;<br>&lt;span style=\"color: rgb(155, 155, 155);\"&gt; &lt;/span&gt;@{outputs('Start_and_wait_for_an_approval_1')?['body/name']}&lt;/p&gt;&lt;p class=\"editor-paragraph\"&gt;&lt;/p&gt;</p><br>","emailMessage/Importance":"Normal"},"host":{"apiId":"/providers/Microsoft.PowerApps/apis/shared_office365","connectionName":"shared_office365","operationId":"SendEmailV2"},"authentication":"@parameters('$authentication')"},"runtimeConfiguration":{"secureData":{"properties":["inputs","outputs"]}}}}},"Reject_3":{"case":"Reject","actions":{"Terminate_6":{"runAfter":{"Send_an_email_(Rejection)_2":["Succeeded"]},"metadata":{"operationMetadataId":"59800dd9-340d-45d7-977d-f33d069a815a"},"type":"Terminate","inputs":{"runStatus":"Succeeded"}},"Send_an_email_(Rejection)_2":{"metadata":{"operationMetadataId":"e82bf974-f7e3-4520-b869-f54e85c41f00"},"type":"OpenApiConnection","inputs":{"parameters":{"emailMessage/To":"AMasri@innouttest.com","emailMessage/Subject":"Additional information required for new Software Request: @{outputs('Get_response_details')?['body/r1e13cc2e9275432f95b1dfd3c3cb3096']}","emailMessage/Body":"<p class=\"editor-paragraph\"><br>&lt;center&gt;<br>       &lt;img src=\"https://1000logos.net/wp-content/uploads/2023/03/In-N-Out-Burger-Emblem.png\" width=\"300\" height=\"180\"&gt;<br><br><br>&lt;span style=\"background-color: rgb(247, 5, 34); color: rgb(250, 203, 32);\"&gt;________________________________________________________________________________________&lt;/span&gt;<br><br>&lt;p&gt;&lt;/p&gt;&lt;p class=\"editor-paragraph\"&gt;While we appreciate your request, it requires some additional information.<br>Please let us know if you need assistance in gathering the required information.&lt;/p&gt;<br><br>&lt;/center&gt;<br><br>&lt;p class=\"editor-paragraph\"&gt;<br>&lt;span style=\"color: rgb(155, 155, 155);\"&gt;<br>Rejection Date: @{outputs('Start_and_wait_for_an_approval_1')?['body/completionDate']}&lt;/span&gt;<br><br>&lt;span style=\"color: rgb(155, 155, 155);\"&gt;Software Name: @{outputs('Get_response_details')?['body/r1e13cc2e9275432f95b1dfd3c3cb3096']}<br>Rejection ID: @{outputs('Start_and_wait_for_an_approval_1')?['body/name']}<br>&lt;/span&gt;&lt;/p&gt;</p>","emailMessage/Importance":"Normal"},"host":{"apiId":"/providers/Microsoft.PowerApps/apis/shared_office365","connectionName":"shared_office365","operationId":"SendEmailV2"},"authentication":"@parameters('$authentication')"},"runtimeConfiguration":{"secureData":{"properties":["inputs","outputs"]}}}}}},"default":{"actions":{"Send_an_email_(Request_Timed_Out)":{"metadata":{"operationMetadataId":"4c0ff5de-29bc-4b83-b21d-3bc0bc097672"},"type":"OpenApiConnection","inputs":{"parameters":{"emailMessage/To":"amasri@innouttest.com","emailMessage/Subject":"New Software Request: @{outputs('Get_response_details')?['body/r1e13cc2e9275432f95b1dfd3c3cb3096']} Timed Out","emailMessage/Body":"<p class=\"editor-paragraph\"><br>&lt;center&gt;<br>&lt;img src=\"https://1000logos.net/wp-content/uploads/2023/03/In-N-Out-Burger-Emblem.png\" width=\"300\" height=\"180\" class=\"center\"&gt;&lt;/center&gt;&lt;br&gt;<br>&lt;span style=\"background-color: rgb(247, 5, 34); color: rgb(250, 203, 32);font-size: 18px;\"&gt;________________________________________________________________________________________&lt;/span&gt;&lt;br&gt;&lt;br&gt;</p><p class=\"editor-paragraph\">Hello,<br><br>The following new software request: @{outputs('Get_response_details')?['body/r1e13cc2e9275432f95b1dfd3c3cb3096']} has timed out after 30 days of inactivity, waiting for approval. If you still need to request this App to be added to our M365 Tenant, please submit a new Application Request Form.<br><br><br>Thank you,<br><br>M365 Team</p>","emailMessage/Importance":"Normal"},"host":{"apiId":"/providers/Microsoft.PowerApps/apis/shared_office365","connectionName":"shared_office365","operationId":"SendEmailV2"},"authentication":"@parameters('$authentication')"},"runtimeConfiguration":{"secureData":{"properties":["inputs","outputs"]}}},"Terminate_7":{"runAfter":{"Send_an_email_(Request_Timed_Out)":["Succeeded"]},"metadata":{"operationMetadataId":"7eb315e6-ace3-4247-b7b4-b0aaf39aa58e"},"type":"Terminate","inputs":{"runStatus":"Succeeded"}}}},"expression":"@if(equals(outputs('Start_and_wait_for_an_approval_3')?['body/outcome'], 'Approve'), 'Approve',\r\nif(equals(outputs('Start_and_wait_for_an_approval_3')?['body/outcome'], 'Reject'), 'Reject',\r\n'Default'))","metadata":{"operationMetadataId":"6f9d1f0c-a6ca-4bb1-bb00-31751facc764"},"type":"Switch"},"Start_and_wait_for_an_approval_3":{"limit":{"timeout":"P10D"},"metadata":{"operationMetadataId":"d5cf50a1-3446-4aef-9b36-29aabd557c79"},"type":"OpenApiConnectionWebhook","inputs":{"parameters":{"approvalType":"BasicAwaitAll","WebhookApprovalCreationInput/title":"Final Reminder: New Software Request: @{outputs('Get_response_details')?['body/r1e13cc2e9275432f95b1dfd3c3cb3096']}","WebhookApprovalCreationInput/assignedTo":"AMasri@innouttest.com","WebhookApprovalCreationInput/details":"________________________________________________________________________________________\n\nBusiness Justification: @{outputs('Get_response_details')?['body/r84a95ad2f45d4e918c4131b8bd7fcaea']}\n________________________________________________________________________________________\nSubmission Time: @{outputs('Get_response_details')?['body/submitDate']}","WebhookApprovalCreationInput/itemLink":"@outputs('Create_item')?['body/AppLink']","WebhookApprovalCreationInput/itemLinkDescription":"@outputs('Get_response_details')?['body/r1e13cc2e9275432f95b1dfd3c3cb3096']"},"host":{"apiId":"/providers/Microsoft.PowerApps/apis/shared_approvals","connectionName":"shared_approvals","operationId":"StartAndWaitForAnApproval"},"authentication":"@parameters('$authentication')"},"runtimeConfiguration":{"secureData":{"properties":["inputs","outputs"]}}}}},"expression":"@if(equals(outputs('Start_and_wait_for_an_approval_2')?['body/outcome'], 'Approve'), 'Approve',\r\nif(equals(outputs('Start_and_wait_for_an_approval_2')?['body/outcome'], 'Reject'), 'Reject',\r\n'Default'))","metadata":{"operationMetadataId":"14014dc7-837f-4182-b6e9-09f9e7abf2c9"},"type":"Switch"}}},"expression":"@if(equals(outputs('Start_and_wait_for_an_approval_1')?['body/outcome'], 'Approve'), 'Approve',\r\nif(equals(outputs('Start_and_wait_for_an_approval_1')?['body/outcome'], 'Reject'), 'Reject',\r\n'Default'))","metadata":{"operationMetadataId":"92c6ee59-1ad1-407b-8397-3e08984a6428"},"type":"Switch"},"For_each":{"foreach":"@outputs('Get_user_profile_(V2)')?['body']?['body/skills']","actions":{"Start_and_wait_for_an_approval_1":{"limit":{"timeout":"P10D"},"metadata":{"operationMetadataId":"5b3909c3-a466-4fb8-a049-74539c7d6e51"},"type":"OpenApiConnectionWebhook","inputs":{"parameters":{"approvalType":"BasicAwaitAll","WebhookApprovalCreationInput/title":"New Software Request: @{outputs('Get_response_details')?['body/r1e13cc2e9275432f95b1dfd3c3cb3096']}","WebhookApprovalCreationInput/assignedTo":"amasri@innouttest.com","WebhookApprovalCreationInput/details":"\n________________________________________________________________________________________\n\nBusiness Justification: @{outputs('Get_response_details')?['body/r84a95ad2f45d4e918c4131b8bd7fcaea']}\n________________________________________________________________________________________\nSubmission Time: @{outputs('Get_response_details')?['body/submitDate']}","WebhookApprovalCreationInput/itemLink":"@outputs('Create_item')?['body/AppLink']","WebhookApprovalCreationInput/itemLinkDescription":"@outputs('Get_response_details')?['body/r1e13cc2e9275432f95b1dfd3c3cb3096']"},"host":{"apiId":"/providers/Microsoft.PowerApps/apis/shared_approvals","connectionName":"shared_approvals","operationId":"StartAndWaitForAnApproval"},"authentication":"@parameters('$authentication')"},"runtimeConfiguration":{"secureData":{"properties":["inputs","outputs"]}}}},"type":"Foreach"}},"metadata":{"operationMetadataId":"8b6fafbc-1cce-4359-86b2-8ea769fb3d58"},"type":"Scope"}}},"expression":{"and":[{"contains":["@outputs('Get_manager_(V2)')?['body/id']","\"30480\", \"30300\", \"30200\", \"30100\", \"20850\", \"20800\", \"20600\", \"20500\";"]}]},"metadata":{"operationMetadataId":"3581755d-4571-47cd-a2f9-2c77c6659272"},"type":"If"},"Get_user_profile_(V2)":{"runAfter":{"Get_response_details":["Succeeded"]},"metadata":{"operationMetadataId":"582c77e8-e59a-4344-aca1-ca40b4905a38"},"type":"OpenApiConnection","inputs":{"parameters":{"id":"amasri@innouttest.com"},"host":{"apiId":"/providers/Microsoft.PowerApps/apis/shared_office365users","connectionName":"shared_office365users","operationId":"UserProfile_V2"},"authentication":"@parameters('$authentication')"},"runtimeConfiguration":{"secureData":{"properties":["inputs","outputs"]}}},"Create_item":{"runAfter":{"Get_manager_(V2)":["Succeeded"]},"limit":{"timeout":"P2D"},"metadata":{"operationMetadataId":"587dbedd-e627-4dbb-aa75-4b9f8debdfce"},"type":"OpenApiConnection","inputs":{"parameters":{"dataset":"https://innouttest.sharepoint.com/sites/innouttest","table":"ac7bd535-644f-4d07-98ae-2c2afccf1643","item/Title":"@outputs('Get_response_details')?['body/r1e13cc2e9275432f95b1dfd3c3cb3096']","item/SubmissionDate":"@outputs('Get_response_details')?['body/submitDate']","item/RequestorEmail":"@outputs('Get_response_details')?['body/responder']","item/Status":"@outputs('Get_user_profile_(V2)')?['body/userPrincipalName']","item/AppLink":"@outputs('Get_response_details')?['body/rca9667ab87d34a6eb0f4721bbd70329b']","item/ReasonforAppRequest":"@outputs('Get_response_details')?['body/r84a95ad2f45d4e918c4131b8bd7fcaea']","item/Businesscaseforthisapprequest":"@outputs('Get_response_details')?['body/r0fab72df577a4abf8c7f95765de4a0a2']","item/Costassociatedwiththisapp":"@outputs('Get_response_details')?['body/reed47ed4b52b47a78263dfabfd2f3686']","item/Areyourequestingthisapptouseindi":"@outputs('Get_response_details')?['body/r177df330d5294270b4d80cca720afb9e']","item/Additionalinformation":"@outputs('Get_response_details')?['body/rc3b9cfc731ed4446891d5453340b0cf6']"},"host":{"apiId":"/providers/Microsoft.PowerApps/apis/shared_sharepointonline","connectionName":"shared_sharepointonline","operationId":"PostItem"},"authentication":"@parameters('$authentication')"},"runtimeConfiguration":{"secureData":{"properties":["inputs","outputs"]}}},"Get_manager_(V2)":{"runAfter":{"Get_user_profile_(V2)":["Succeeded"]},"type":"OpenApiConnection","inputs":{"parameters":{"id":"@outputs('Get_user_profile_(V2)')?['body/mail']"},"host":{"apiId":"/providers/Microsoft.PowerApps/apis/shared_office365users","connectionName":"shared_office365users-1","operationId":"Manager_V2"},"authentication":"@parameters('$authentication')"},"runtimeConfiguration":{"secureData":{"properties":["inputs","outputs"]}}}},"outputs":{}},"connectionReferences":{"shared_microsoftforms":{"connectionName":"shared-microsoftform-bf713e7a-76fa-4ca1-8d18-75b3bdafa7cf","source":"Embedded","id":"/providers/Microsoft.PowerApps/apis/shared_microsoftforms","tier":"NotSpecified","apiName":"microsoftforms","isProcessSimpleApiReferenceConversionAlreadyDone":false},"shared_office365":{"connectionName":"shared-office365-caba480f-a183-4709-bfe5-1ef3e5a95201","source":"Embedded","id":"/providers/Microsoft.PowerApps/apis/shared_office365","tier":"NotSpecified","apiName":"office365","isProcessSimpleApiReferenceConversionAlreadyDone":false},"shared_approvals":{"connectionName":"shared-approvals-9e50c518-a64e-478d-ae4b-477efea23a01","source":"Embedded","id":"/providers/Microsoft.PowerApps/apis/shared_approvals","tier":"NotSpecified","apiName":"approvals","isProcessSimpleApiReferenceConversionAlreadyDone":false},"shared_office365users":{"connectionName":"shared-office365user-a5f310fd-7073-48fe-8110-e93833fdeb7e","source":"Embedded","id":"/providers/Microsoft.PowerApps/apis/shared_office365users","tier":"NotSpecified","apiName":"office365users","isProcessSimpleApiReferenceConversionAlreadyDone":false},"shared_sharepointonline":{"connectionName":"shared-sharepointonl-95fa312e-5221-4583-b97d-8ce479002d5b","source":"Embedded","id":"/providers/Microsoft.PowerApps/apis/shared_sharepointonline","tier":"NotSpecified","apiName":"sharepointonline","isProcessSimpleApiReferenceConversionAlreadyDone":false},"shared_office365users-1":{"connectionName":"shared-office365user-a5f310fd-7073-48fe-8110-e93833fdeb7e","source":"Embedded","id":"/providers/Microsoft.PowerApps/apis/shared_office365users","tier":"NotSpecified","apiName":"office365users","isProcessSimpleApiReferenceConversionAlreadyDone":false}},"flowFailureAlertSubscribed":false,"isManaged":false}}