{"name":"deafc6fb-e378-45aa-b86b-76e4a73940cb","id":"/providers/Microsoft.Flow/flows/deafc6fb-e378-45aa-b86b-76e4a73940cb","type":"Microsoft.Flow/flows","properties":{"apiId":"/providers/Microsoft.PowerApps/apis/shared_logicflows","displayName":"Application Request Form","definition":{"metadata":{"workflowEntityId":null,"processAdvisorMetadata":null,"flowChargedByPaygo":null,"migrationSourceId":"/subscriptions/c8188aed-8553-4320-a60d-30212a431bbc/resourceGroups/33a95aa361494cf5946f2aa4d7090259-default33a95aa361494cf5946f2aa4d7090259-env/providers/Microsoft.Logic/workflows/deafc6fb-e378-45aa-b86b-76e4a73940cb-azshadow","flowclientsuspensionreason":"None","flowclientsuspensiontime":null,"flowclientsuspensionreasondetails":null,"creator":{"id":"d5adcb20-ffb8-40c0-8164-c7f92b89933f","type":"User","tenantId":"33a95aa3-6149-4cf5-946f-2aa4d7090259"},"provisioningMethod":"FromDefinition","failureAlertSubscription":true,"clientLastModifiedTime":"2025-06-11T15:18:45.1494778Z","connectionKeySavedTimeKey":"2025-06-11T15:18:45.1494778Z","creationSource":"Portal","modifiedSources":"Portal;PowerAppsMaker"},"$schema":"https://schema.management.azure.com/providers/Microsoft.Logic/schemas/2016-06-01/workflowdefinition.json#","contentVersion":"1.0.0.0","parameters":{"$authentication":{"defaultValue":{},"type":"SecureObject"},"$connections":{"defaultValue":{},"type":"Object"}},"triggers":{"When_a_new_response_is_submitted":{"splitOn":"@triggerOutputs()?['body/value']","metadata":{"operationMetadataId":"7f78b211-824f-46ef-8d72-f980407f7cde"},"type":"OpenApiConnectionWebhook","inputs":{"parameters":{"form_id":"o1qpM0lh9UyUbyqk1wkCWSDLrdW4_8BAgWTH-SuJkz9UM0lRNU5EV1I5SlI2V0NNV1pGN0FVNDBCSy4u"},"host":{"apiId":"/providers/Microsoft.PowerApps/apis/shared_microsoftforms","connectionName":"shared_microsoftforms","operationId":"CreateFormWebhook"},"authentication":"@parameters('$authentication')"},"runtimeConfiguration":{"secureData":{"properties":["inputs","outputs"]}}}},"actions":{"Get_response_details":{"runAfter":{},"metadata":{"operationMetadataId":"ee5322b5-f50d-4906-b494-e3babd6e659a"},"type":"OpenApiConnection","inputs":{"parameters":{"form_id":"o1qpM0lh9UyUbyqk1wkCWSDLrdW4_8BAgWTH-SuJkz9UM0lRNU5EV1I5SlI2V0NNV1pGN0FVNDBCSy4u","response_id":"@triggerOutputs()?['body/resourceData/responseId']"},"host":{"apiId":"/providers/Microsoft.PowerApps/apis/shared_microsoftforms","connectionName":"shared_microsoftforms","operationId":"GetFormResponseById"},"authentication":"@parameters('$authentication')"},"runtimeConfiguration":{"secureData":{"properties":["inputs","outputs"]}}},"Terminate":{"runAfter":{"Executive_Condition":["Succeeded","Failed"]},"metadata":{"operationMetadataId":"ff9e9e51-89ec-4a52-a349-392408281e6c"},"type":"Terminate","inputs":{"runStatus":"Succeeded"}},"Executive_Condition":{"actions":{"Send_an_email_(V2)":{"limit":{"timeout":"P2D"},"metadata":{"operationMetadataId":"09a9c3c8-0722-450f-a9f0-d5d51d95889e"},"type":"OpenApiConnection","inputs":{"parameters":{"emailMessage/To":"@outputs('Get_response_details')?['body/responder']","emailMessage/Subject":"Executive App Request: ","emailMessage/Body":"<p class=\"editor-paragraph\"><br>    <br><br>&lt;center&gt;<br>&lt;img src=\"https://1000logos.net/wp-content/uploads/2023/03/In-N-Out-Burger-Emblem.png\" width=\"300\" height=\"180\" class=\"center\"&gt;&lt;p class=\"editor-paragraph\"&gt;&lt;span style=\"font-size: 19px;\"&gt;Your software request has been&lt;/span&gt;&lt;span style=\"color: rgb(65, 117, 5); font-size: 19px;\"&gt; &lt;/span&gt;&lt;span style=\"color: rgb(101, 177, 15); font-size: 19px;\"&gt;approved&lt;/span&gt;&lt;span style=\"font-size: 19px;\"&gt; and is being processed!&lt;/span&gt;&lt;/p&gt;&lt;p class=\"editor-paragraph\"&gt;<br>&lt;/p&gt;&lt;span style=\"background-color: rgb(247, 5, 34); color: rgb(250, 203, 32);font-size: 18px;\"&gt;________________________________________________________________________________________&lt;/span&gt;&lt;p&gt;&lt;/p&gt;&lt;br&gt;&lt;br&gt;</p><br><p class=\"editor-paragraph\"><br>&lt;p class=\"editor-paragraph\"&gt;&lt;span style=\"color: rgb(74, 74, 74); font-size: 18px;\"&gt;Software name&lt;/span&gt;&lt;span style=\"color: rgb(74, 144, 226); font-size: 18px;\"&gt;:&lt;/span&gt;&lt;span style=\"color: rgb(74, 144, 226); font-size: 18px;\"&gt; &lt;/span&gt;@{outputs('Get_response_details')?['body/r1e13cc2e9275432f95b1dfd3c3cb3096']}&lt;/p&gt;&lt;p class=\"editor-paragraph\"&gt;&lt;span style=\"color: rgb(74, 74, 74); font-size: 16px;\"&gt;Business Justification&lt;/span&gt;&lt;span style=\"color: rgb(74, 74, 74); font-size: 16px;\"&gt;:&lt;/span&gt;&lt;b&gt;&lt;strong class=\"editor-text-bold\" style=\"font-size: 16px;\"&gt; &lt;/strong&gt;&lt;/b&gt;@{outputs('Get_response_details')?['body/r84a95ad2f45d4e918c4131b8bd7fcaea']}&lt;/p&gt;<br>&lt;p class=\"editor-paragraph\"&gt;&lt;span style=\"color: rgb(155, 155, 155);\"&gt;Requested Date: &lt;/span&gt;@{outputs('Get_response_details')?['body/submitDate']}&lt;/p&gt;&lt;p class=\"editor-paragraph\"&gt;&lt;span style=\"color: rgb(155, 155, 155);\"&gt;&lt;/p&gt;&lt;p class=\"editor-paragraph\"&gt;<br>&lt;span style=\"background-color: rgb(243, 187, 93); color: rgb(245, 166, 35);\"&gt;________________________________________________________________________________________&lt;/span&gt;&lt;/p&gt;&lt;p class=\"editor-paragraph\"&gt;&lt;span style=\"background-color: rgb(208, 2, 27); color: rgb(245, 166, 35);\"&gt;________________________________________________________________________________________&lt;/span&gt;&lt;/p&gt;</p>","emailMessage/Bcc":"cloudhelp@innout.com","emailMessage/Importance":"High"},"host":{"apiId":"/providers/Microsoft.PowerApps/apis/shared_office365","connectionName":"shared_office365","operationId":"SendEmailV2"},"authentication":"@parameters('$authentication')"},"runtimeConfiguration":{"secureData":{"properties":["inputs","outputs"]}}},"Terminate_8":{"runAfter":{"Send_an_email_(V2)":["Succeeded"]},"metadata":{"operationMetadataId":"0e5260c7-866f-4c88-8218-c63addd1a4d3"},"type":"Terminate","inputs":{"runStatus":"Succeeded"}}},"runAfter":{"Post_message_in_a_chat_or_channel":["Succeeded"]},"else":{"actions":{"Scope":{"actions":{"Do_until":{"actions":{"Switch":{"runAfter":{"Start_and_wait_for_an_approval":["Succeeded","TimedOut"]},"cases":{"Approve":{"case":"Approve","actions":{"Send_an_email_(Ticket_creation_and_approval)":{"metadata":{"operationMetadataId":"220c645e-1610-497a-be59-c98412642113"},"type":"OpenApiConnection","inputs":{"parameters":{"emailMessage/To":"@outputs('Get_response_details')?['body/responder']","emailMessage/Subject":"Approved - New Software Request: @{outputs('Get_response_details')?['body/r1e13cc2e9275432f95b1dfd3c3cb3096']}","emailMessage/Body":"    \n\n<center>\n<img src=\"https://1000logos.net/wp-content/uploads/2023/03/In-N-Out-Burger-Emblem.png\" width=\"300\" height=\"180\" class=\"center\"><p class=\"editor-paragraph\"><span style=\"font-size: 19px;\">Your software request has been</span><span style=\"color: rgb(65, 117, 5); font-size: 19px;\"> </span><span style=\"color: rgb(101, 177, 15); font-size: 19px;\">approved</span><span style=\"font-size: 19px;\"> and is being processed!</span></p><p class=\"editor-paragraph\">\n</p><span style=\"background-color: rgb(247, 5, 34); color: rgb(250, 203, 32);font-size: 18px;\">________________________________________________________________________________________</span><p></p>\n<p class=\"editor-paragraph\">\n<span style=\"color: black; font-size: 18px;\">Software name:</span>\n<span style=\"color: rgp(73, 89, 153); font-size: 18px;\"> @{outputs('Get_response_details')?['body/r1e13cc2e9275432f95b1dfd3c3cb3096']}</span></p>\n<p class=\"editor-paragraph\">\n<span style=\"color: rgb(74, 74, 74); font-size: 18px;\">\n</span>Business Justification<span style=\"color: rgb(74, 74, 74); font-size: 18px;\">:</span><b><strong class=\"editor-text-bold\" style=\"font-size: 18px;\"> </strong></b>@{outputs('Get_response_details')?['body/r84a95ad2f45d4e918c4131b8bd7fcaea']}</p>\n\n\n</center>\n\n\n\n<p class=\"editor-paragraph\">\n<span style=\"color: rgb(155, 155, 155);font-size:8px\">Requested Date: @{outputs('Get_response_details')?['body/submitDate']}</span></p>\n<p style=\"color:rgb(155, 155, 155);font-size:8px;\" class=\"editor-paragraph\">\n<span style=\"color: rgb(155, 155, 155);\">Approval ID:</span>\n<span style=\"color: rgb(155, 155, 155);\"> </span>@{outputs('Start_and_wait_for_an_approval')?['body/name']}</p><p class=\"editor-paragraph\"></p>\n\n","emailMessage/Bcc":"cloudhelp@innout.com","emailMessage/Importance":"Normal"},"host":{"apiId":"/providers/Microsoft.PowerApps/apis/shared_office365","connectionName":"shared_office365","operationId":"SendEmailV2"},"authentication":"@parameters('$authentication')"},"runtimeConfiguration":{"secureData":{"properties":["inputs","outputs"]}}},"Increment_variable_1":{"runAfter":{"Send_an_email_(Ticket_creation_and_approval)":["Succeeded"]},"metadata":{"operationMetadataId":"6d1e1ba4-44f3-4008-b252-2daad4571edc"},"type":"IncrementVariable","inputs":{"name":"ApproveReject","value":1}}}},"Reject":{"case":"Reject","actions":{"Send_an_email_(Rejection)":{"limit":{"timeout":"P2D"},"metadata":{"operationMetadataId":"45c99051-54d2-4cdf-abfc-7f9c6bc7150e"},"type":"OpenApiConnection","inputs":{"parameters":{"emailMessage/To":"@outputs('Get_response_details')?['body/responder']","emailMessage/Subject":"Additional information required for new Software Request: @{outputs('Get_response_details')?['body/r1e13cc2e9275432f95b1dfd3c3cb3096']}","emailMessage/Body":"\n<center>\n       <img src=\"https://1000logos.net/wp-content/uploads/2023/03/In-N-Out-Burger-Emblem.png\" width=\"300\" height=\"180\"><br>\n\n\n\n\n\n\n<span style=\"background-color: rgb(247, 5, 34); color: rgb(250, 203, 32);\">________________________________________________________________________________________</span>\n\n<p></p><p class=\"editor-paragraph\">While we appreciate your request, it requires some additional information.\nPlease let us know if you need assistance in gathering the required information.</p>\n\n\n\n</center>\n\n<p class=\"editor-paragraph\">Software Name: @{outputs('Get_response_details')?['body/r1e13cc2e9275432f95b1dfd3c3cb3096']}</p>\n\n\n\n<p class=\"editor-paragraph\">\n\n<span style=\"color: rgb(155, 155, 155);\">\nRejection Date: @{outputs('Start_and_wait_for_an_approval')?['body/completionDate']}</span>\n\n\n\n\n<span style=\"color: rgb(155, 155, 155);\">\n\nRejection ID: @{outputs('Start_and_wait_for_an_approval')?['body/name']}\n</span></p>\n\n     \n\n","emailMessage/Importance":"Normal"},"host":{"apiId":"/providers/Microsoft.PowerApps/apis/shared_office365","connectionName":"shared_office365","operationId":"SendEmailV2"},"authentication":"@parameters('$authentication')"},"runtimeConfiguration":{"secureData":{"properties":["inputs","outputs"]}}},"Increment_variable_2":{"runAfter":{"Send_an_email_(Rejection)":["Succeeded"]},"metadata":{"operationMetadataId":"281f064c-5191-43fa-b446-80b0727bd7dc"},"type":"IncrementVariable","inputs":{"name":"ApproveReject","value":1}}}}},"default":{"actions":{}},"expression":"@if(equals(outputs('Start_and_wait_for_an_approval')?['body/outcome'], 'Approve'), 'Approve',\r\nif(equals(outputs('Start_and_wait_for_an_approval')?['body/outcome'], 'Reject'), 'Reject',\r\n'Default'))","metadata":{"operationMetadataId":"92c6ee59-1ad1-407b-8397-3e08984a6428"},"type":"Switch"},"Start_and_wait_for_an_approval":{"limit":{"timeout":"P10D"},"metadata":{"operationMetadataId":"5b3909c3-a466-4fb8-a049-74539c7d6e51"},"type":"OpenApiConnectionWebhook","inputs":{"parameters":{"approvalType":"BasicAwaitAll","WebhookApprovalCreationInput/title":"New Software Request: @{outputs('Get_response_details')?['body/r1e13cc2e9275432f95b1dfd3c3cb3096']}","WebhookApprovalCreationInput/assignedTo":"amasri@innouttest.com","WebhookApprovalCreationInput/details":"\n________________________________________________________________________________________\n\nBusiness Justification: @{outputs('Get_response_details')?['body/r84a95ad2f45d4e918c4131b8bd7fcaea']}\n________________________________________________________________________________________\nSubmission Time: @{outputs('Get_response_details')?['body/submitDate']}","WebhookApprovalCreationInput/itemLink":"@outputs('Create_item')?['body/AppLink']","WebhookApprovalCreationInput/itemLinkDescription":"@outputs('Get_response_details')?['body/r1e13cc2e9275432f95b1dfd3c3cb3096']"},"host":{"apiId":"/providers/Microsoft.PowerApps/apis/shared_approvals","connectionName":"shared_approvals","operationId":"StartAndWaitForAnApproval"},"authentication":"@parameters('$authentication')"},"runtimeConfiguration":{"secureData":{"properties":["inputs","outputs"]}}},"Increment_variable":{"runAfter":{"Switch":["Succeeded"]},"metadata":{"operationMetadataId":"fd986cfd-8b1b-43bf-bb12-ec2ed2dc5b0b"},"type":"IncrementVariable","inputs":{"name":"DoUntilCounter","value":1}}},"expression":"@or(equals(variables('DoUntilCounter'), 3), equals(variables('ApproveReject'), 1))","limit":{"count":3,"timeout":"P30D"},"metadata":{"operationMetadataId":"ba575771-1bf1-448b-a0be-17a702aa433d"},"type":"Until"},"Condition":{"actions":{"Send_an_email_(Request_Timed_Out)":{"metadata":{"operationMetadataId":"4c0ff5de-29bc-4b83-b21d-3bc0bc097672"},"type":"OpenApiConnection","inputs":{"parameters":{"emailMessage/To":"@outputs('Get_response_details')?['body/responder']","emailMessage/Subject":"New Software Request: @{outputs('Get_response_details')?['body/r1e13cc2e9275432f95b1dfd3c3cb3096']} Timed Out","emailMessage/Body":"<br><p class=\"editor-paragraph\"><br>&lt;center&gt;<br>&lt;img src=\"https://1000logos.net/wp-content/uploads/2023/03/In-N-Out-Burger-Emblem.png\" width=\"300\" height=\"180\" class=\"center\"&gt;&lt;br&gt;<br>&lt;span style=\"background-color: rgb(247, 5, 34); color: rgb(250, 203, 32);font-size: 18px;\"&gt;________________________________________________________________________________________&lt;/span&gt;&lt;br&gt;&lt;br&gt;</p><p class=\"editor-paragraph\">&lt;/center&gt;</p><p class=\"editor-paragraph\">Hello,<br><br>The following new software request: @{outputs('Get_response_details')?['body/r1e13cc2e9275432f95b1dfd3c3cb3096']} has timed out after 30 days of inactivity, waiting for approval. If you still need to request this App to be added to our M365 Tenant, please submit a new Application Request Form.<br><br><br>Thank you,<br><br>M365 Team</p>","emailMessage/Cc":"@outputs('Get_manager_(V2)')?['body/mail']","emailMessage/Importance":"Normal"},"host":{"apiId":"/providers/Microsoft.PowerApps/apis/shared_office365","connectionName":"shared_office365","operationId":"SendEmailV2"},"authentication":"@parameters('$authentication')"},"runtimeConfiguration":{"secureData":{"properties":["inputs","outputs"]}}}},"runAfter":{"Do_until":["Succeeded"]},"else":{"actions":{"Terminate_2":{"metadata":{"operationMetadataId":"9cd48112-0165-4b2c-bf70-94fad3a6efd4"},"type":"Terminate","inputs":{"runStatus":"Succeeded"}}}},"expression":{"and":[{"not":{"equals":["@variables('ApproveReject')",1]}}]},"metadata":{"operationMetadataId":"9f329ded-320a-4823-91df-508693f751ef"},"type":"If"},"Terminate_1":{"runAfter":{"Condition":["Succeeded"]},"metadata":{"operationMetadataId":"f01ebf66-1b58-4e86-a8cb-2cde27cb5653"},"type":"Terminate","inputs":{"runStatus":"Succeeded"}}},"metadata":{"operationMetadataId":"8b6fafbc-1cce-4359-86b2-8ea769fb3d58"},"type":"Scope"},"Terminate_3":{"runAfter":{"Scope":["Succeeded"]},"metadata":{"operationMetadataId":"2df1727f-a5a0-4873-8e8a-9a11f8703263"},"type":"Terminate","inputs":{"runStatus":"Succeeded"}}}},"expression":{"and":[{"contains":["@variables('GetUserAttribute')","\"30480\", \"30300\", \"30200\", \"30100\", \"20850\", \"20800\", \"20600\", \"20500\";"]}]},"metadata":{"operationMetadataId":"3581755d-4571-47cd-a2f9-2c77c6659272"},"type":"If"},"Get_user_profile_(V2)":{"runAfter":{"Get_response_details":["Succeeded"]},"metadata":{"operationMetadataId":"582c77e8-e59a-4344-aca1-ca40b4905a38"},"type":"OpenApiConnection","inputs":{"parameters":{"id":"@outputs('Get_response_details')?['body/responder']"},"host":{"apiId":"/providers/Microsoft.PowerApps/apis/shared_office365users","connectionName":"shared_office365users","operationId":"UserProfile_V2"},"authentication":"@parameters('$authentication')"},"runtimeConfiguration":{"secureData":{"properties":["inputs","outputs"]}}},"Create_item":{"runAfter":{"Get_manager_(V2)":["Succeeded"]},"limit":{"timeout":"P2D"},"metadata":{"operationMetadataId":"587dbedd-e627-4dbb-aa75-4b9f8debdfce"},"type":"OpenApiConnection","inputs":{"parameters":{"dataset":"https://innouttest.sharepoint.com/sites/innouttest","table":"ac7bd535-644f-4d07-98ae-2c2afccf1643","item/Title":"@outputs('Get_response_details')?['body/r1e13cc2e9275432f95b1dfd3c3cb3096']","item/SubmissionDate":"@outputs('Get_response_details')?['body/submitDate']","item/RequestorEmail":"@outputs('Get_response_details')?['body/responder']","item/Status":"@outputs('Get_user_profile_(V2)')?['body/userPrincipalName']","item/AppLink":"@outputs('Get_response_details')?['body/rca9667ab87d34a6eb0f4721bbd70329b']","item/ReasonforAppRequest":"@outputs('Get_response_details')?['body/r84a95ad2f45d4e918c4131b8bd7fcaea']","item/Businesscaseforthisapprequest":"@outputs('Get_response_details')?['body/r0fab72df577a4abf8c7f95765de4a0a2']","item/Costassociatedwiththisapp":"@outputs('Get_response_details')?['body/reed47ed4b52b47a78263dfabfd2f3686']","item/Areyourequestingthisapptouseindi":"@outputs('Get_response_details')?['body/r177df330d5294270b4d80cca720afb9e']","item/Additionalinformation":"@outputs('Get_response_details')?['body/rc3b9cfc731ed4446891d5453340b0cf6']"},"host":{"apiId":"/providers/Microsoft.PowerApps/apis/shared_sharepointonline","connectionName":"shared_sharepointonline","operationId":"PostItem"},"authentication":"@parameters('$authentication')"},"runtimeConfiguration":{"secureData":{"properties":["inputs","outputs"]}}},"Initialize_variable":{"runAfter":{"Create_item":["Succeeded"]},"metadata":{"operationMetadataId":"d96dff91-f6e9-4d49-add3-48ae53ebde72"},"type":"InitializeVariable","inputs":{"variables":[{"name":"DoUntilCounter","type":"integer","value":0}]}},"Initialize_variable_1":{"runAfter":{"Initialize_variable":["Succeeded"]},"metadata":{"operationMetadataId":"8cf8baa3-7ce1-49b0-b483-38061d637d9d"},"type":"InitializeVariable","inputs":{"variables":[{"name":"ApproveReject","type":"integer","value":0}]}},"Get_manager_(V2)":{"runAfter":{"Get_user_profile_(V2)":["Succeeded"]},"metadata":{"operationMetadataId":"a2412506-fec1-4919-a67d-295d14eb11d8"},"type":"OpenApiConnection","inputs":{"parameters":{"id":"@outputs('Get_user_profile_(V2)')?['body/mail']","$select":"@outputs('Get_user_profile_(V2)')?['body/attribute8']"},"host":{"apiId":"/providers/Microsoft.PowerApps/apis/shared_office365users","connectionName":"shared_office365users-1","operationId":"Manager_V2"},"authentication":"@parameters('$authentication')"},"runtimeConfiguration":{"secureData":{"properties":["inputs","outputs"]}}},"Initialize_variable_2":{"runAfter":{"Initialize_variable_1":["Succeeded"]},"type":"InitializeVariable","inputs":{"variables":[{"name":"GetUserAttribute","type":"string","value":"@body('Get_user_profile_(V2)')?['extensionAttribute8']"}]}},"Post_message_in_a_chat_or_channel":{"runAfter":{"Initialize_variable_2":["Succeeded"]},"type":"OpenApiConnection","inputs":{"parameters":{"poster":"User","location":"Channel","body/recipient/groupId":"4c3f9a72-e0d5-420d-8b2d-4acbef1bb01f","body/recipient/channelId":"19:8fc2f6475c6446f8a6ee7f2ee63071b4@thread.tacv2","body/messageBody":"<p class=\"editor-paragraph\">This is a test from Power Automate Flow - Application Request Form: <br>Output test of GetUserAttribute variable: @{variables('GetUserAttribute')}</p>"},"host":{"apiId":"/providers/Microsoft.PowerApps/apis/shared_teams","connectionName":"shared_teams","operationId":"PostMessageToConversation"},"authentication":"@parameters('$authentication')"},"runtimeConfiguration":{"secureData":{"properties":["inputs","outputs"]}}}},"outputs":{}},"connectionReferences":{"shared_microsoftforms":{"connectionName":"shared-microsoftform-bf713e7a-76fa-4ca1-8d18-75b3bdafa7cf","source":"Embedded","id":"/providers/Microsoft.PowerApps/apis/shared_microsoftforms","tier":"NotSpecified","apiName":"microsoftforms","isProcessSimpleApiReferenceConversionAlreadyDone":false},"shared_office365":{"connectionName":"shared-office365-caba480f-a183-4709-bfe5-1ef3e5a95201","source":"Embedded","id":"/providers/Microsoft.PowerApps/apis/shared_office365","tier":"NotSpecified","apiName":"office365","isProcessSimpleApiReferenceConversionAlreadyDone":false},"shared_approvals":{"connectionName":"shared-approvals-9e50c518-a64e-478d-ae4b-477efea23a01","source":"Embedded","id":"/providers/Microsoft.PowerApps/apis/shared_approvals","tier":"NotSpecified","apiName":"approvals","isProcessSimpleApiReferenceConversionAlreadyDone":false},"shared_office365users":{"connectionName":"shared-office365user-a5f310fd-7073-48fe-8110-e93833fdeb7e","source":"Embedded","id":"/providers/Microsoft.PowerApps/apis/shared_office365users","tier":"NotSpecified","apiName":"office365users","isProcessSimpleApiReferenceConversionAlreadyDone":false},"shared_sharepointonline":{"connectionName":"shared-sharepointonl-95fa312e-5221-4583-b97d-8ce479002d5b","source":"Embedded","id":"/providers/Microsoft.PowerApps/apis/shared_sharepointonline","tier":"NotSpecified","apiName":"sharepointonline","isProcessSimpleApiReferenceConversionAlreadyDone":false},"shared_office365users-1":{"connectionName":"shared-office365user-d868acf2-e9cf-4dac-9784-86ad75ae0339","source":"Embedded","id":"/providers/Microsoft.PowerApps/apis/shared_office365users","tier":"NotSpecified","apiName":"office365users","isProcessSimpleApiReferenceConversionAlreadyDone":false},"shared_teams":{"connectionName":"shared-teams-1e76d862-c8fa-4a2e-9a90-ca598206f9aa","source":"Embedded","id":"/providers/Microsoft.PowerApps/apis/shared_teams","tier":"NotSpecified","apiName":"teams","isProcessSimpleApiReferenceConversionAlreadyDone":false}},"flowFailureAlertSubscribed":false,"isManaged":false}}